participant, model_name, ll, AIC, v1t_1, v2t_1,  v1i_1,  v2i_1,       eta1_t, eta2_t, eta1_i, eta2_i,     at,  ag,    beta,    gamma,      tau,  l_b,   l_f,       zeta,  rho,     chi,        psi1,       iota,  upsilon,       Ter,    st
1, Pure Intrusion, 1360.9735, 2741.947, 3.5446, 0, 1.6013, 0, 0.65006, 0.11545, 0.56598, 0.097471, 2.107, 0.44335, 0, 0.050001, 0.5, 0, 0, 0, 0, 0, 0, 0, 0, 0.21451, 0
2, Pure Intrusion, 1413.1567, 2846.3134, 4.2095, 0, 1.2292, 0, 0.31937, 0.20459, 0.20347, 0.19156, 2.7781, 0.48577, 0, 0.050019, 0.5, 0, 0, 0, 0, 0, 0, 0, 0, 0.12994, 0
3, Pure Intrusion, 1753.1139, 3526.2279, 3.5947, 0, 1.3419, 0, 0.52225, 0.11703, 0.57093, 0.12414, 1.6148, 0.6468, 0, 0.05067, 0.5, 0, 0, 0, 0, 0, 0, 0, 0, 0.20687, 0
4, Pure Intrusion, 1797.3916, 3614.7831, 4.5862, 0, 1.4603, 0, 0.56649, 0.046227, 0.54054, 0.15681, 1.8795, 0.62358, 0, 0.054714, 0.5, 0, 0, 0, 0, 0, 0, 0, 0, 0.22969, 0
5, Pure Intrusion, 1623.2572, 3266.5144, 3.2906, 0, 1.3861, 0, 0.40634, 0.025271, 0.791, 0.046645, 1.186, 0.87944, 0, 0.088544, 0.5, 0, 0, 0, 0, 0, 0, 0, 0, 0.16195, 0
