participant, model_name, ll, AIC, v1t_1, v2t_1,  v1i_1,  v2i_1,       eta1_t, eta2_t, eta1_i, eta2_i,     at,  ag,    beta,    gamma,      tau,  l_b,   l_f,       zeta,  rho,     chi,        psi1,       iota,  upsilon,       Ter,    st
1, Flat Intrusion,1351.0302,2724.0604,4.8359,0,1.1092,0,0.218,0.15137,0.82835,0.080074,2.1517,0.65427,0.095879,0.050001,0.5,0,0,0,0,0,0,0,0,0.353,0
2, Flat Intrusion,1391.2608,2804.5216,4.0966,0,1.1734,0,0.53224,0.010001,0.49469,0.1067,2.4967,0.81611,0.051068,0.050001,0.5,0,0,0,0,0,0,0,0,0.17754,0
3, Flat Intrusion,1691.9589,3405.9178,4.9035,0,0.84115,0,0.16805,0.11874,0.3345,0.097494,1.9087,0.87069,0.26329,0.05,0.5,0,0,0,0,0,0,0,0,0.23825,0
4, Flat Intrusion,1584.982,3191.9641,4.5329,0,1.767,0,0.81166,0.16377,0.76514,0.15191,2.8258,0.74326,0.050008,0.050111,0.5,0,0,0,0,0,0,0,0,0.1,0
5, Flat Intrusion,1504.5038,3031.0076,5.8549,0,1.0304,0,0.38574,0.32275,0.34359,0.063837,1.7973,0.69238,0.59999,0.062311,0.5,0,0,0,0,0,0,0,0,0.2466,0
,,,,4.84,0.00,1.18,0.00,0.42,0.15,0.55,0.10,2.24,0.76,0.21,0.05,0.50,0.00,0.00,0.00,0.00,0.00,0.00,0.00,0.00,0.22,0.00
