"","participant","nLL","aic","prec1","prec2","gamma","beta"
"1",1,554.155082855134,1116.31016571027,19.6234909956175,0.417072130126476,0.0993785709124705,0.050000000000052
"2",2,273.500849770184,555.001699540369,37.5172857577167,15.4866733378149,0.07178524427711,0.0777746959797104
"3",3,1177.61347126899,2363.22694253798,15.2126116889325,12.114397293241,0.0500000000000052,0.301625998766767
"4",4,755.815492471541,1519.63098494308,21.6042630599192,23.8562840658023,0.175163939210327,0.0700340526578496
"5",5,1774.72078064844,3557.44156129688,16.7211143550682,10.5975307785781,0.326997781786232,0.543578906714439
