"","participant","nLL","aic","prec1","prec2","gamma","kappa","lambda_b","lambda_f","beta"
"result.1",1,549.180412753175,1112.36082550635,19.646092936047,0.46498522416587,0.140883781642491,0.643906033931195,1.54969979128389,0.505921412569572,0.0461298024509516
"result.2",2,272.218797462455,558.43759492491,37.5123852728545,14.5460983829254,0.131628658250211,0.530787613529139,0.140535300990902,0.187726609307171,0.0763224854145588
"result.3",3,1175.09419467165,2364.18838934329,15.3272067289779,12.1712196649284,0.102203603108781,0.468669940355007,1.53821980247397,0.265427543659555,0.303948825947882
"result.4",4,742.291964281789,1498.58392856358,21.265378402793,11.9429078891224,0.35395332993216,0.684611489415236,0.0436897313231078,0.561183725051274,0.0387815720299035
"result.5",5,1776.25373223677,3566.50746447353,10.3904321254784,16.4756624031011,0.999996117856145,0.632078752186288,0.0368958072434244,0.28080568771279,0.611458810371739
