Pure Guess,Intrusion + Guess,Temporal,Spatiotemporal,Orthographic,Semantic,Additive (SxTpOxSE),Multiplicative ,Spatiotemporal Recognition
1113.198335,1116.310166,1112.360826,1088.062804,1094.736225,1096.063201,1101.038604,1097.320527,1096.528146
572.064178,555.0016995,558.4375949,561.7095867,550.4565287,562.5992595,555.5590905,559.0097642,566.62673
2361.905458,2363.226943,2364.188389,2361.403085,2367.21102,2368.398523,2370.379415,2371.295801,2359.321524
1606.301164,1519.630985,1498.583929,1497.654059,1498.347658,1500.771655,1508.194775,1576.842785,1507.979703
3610.959294,3557.441561,3566.507464,3565.504592,3566.998702,3567.43002,3570.224606,3612.193784,3567.538944
