participant, model_name, AIC, v1_targ, v2_targ, v1_int, v2_int, eta_targ, eta_int,  a_targ, a_guess, gamma, beta, kappa, lambda_b, lambda_f, zeta, rho, chi, psi, Ter, st
1, Orthographic, 2608.6992, 3.8428, 0, 2.3977, 0, 0.14932, 0.67765, 3.3382, 1.9441, 0.10012, 0.1771, 0.49242, 1.7525, 0.0054442, 0.69034, 0.44415, 0.15669, 0, 0.00010587, 0
2, Orthographic, 2816.6656, 3.7898, 0, 7.3795e-05, 0, 0.41146, 0.47851, 3.2539, 1.2786, 0.14998, 0.052468, 0.4721, 0.013033, 0.372, 0.00010012, 0.60029, 0.79871, 0, 0.00011355, 0
3, Orthographic, 3637.0155, 4.7292, 0, 4.7842, 0, 0.0060174, 0.061926, 2.5976, 1.4902, 0.16787, 0.42116, 0.8879, 1.1836, 0.35757, 0.5519, 0.004658, 0.20563, 0, 0.089436, 0
4, Orthographic, 3687.8354, 5.3424, 0, 1.8588, 0, 0.70617, 0.41152, 3.8194, 2.0275, 0.13169, 0.3008, 0.53735, 0.0069382, 0.43375, 0.45108, 0.36988, 0.27812, 0, 1.4298e-06, 0
5, Orthographic, 4074.4114, 0.43714, 0, 0.27101, 0, 0.25693, 0.0022193, 0.6959, 1.7867, 0.030753, 0.14729, 0.90321, 0.17348, 1.4849, 0.0034225, 0.80664, 0.26231, 0, 0.26331, 0
