participant, model_name, AIC, v1_targ, v2_targ, v1_int, v2_int, eta_targ, eta_int,  a_targ, a_guess, gamma, beta, kappa, lambda_b, lambda_f, zeta, rho, chi, psi, Ter, st
1, Semantic, 2577.9048, 4.1269, 0, 1.6101, 0, 0.013159, 0.48458, 3.4906, 1.7517, 0.043329, 0.10171, 0.48286, 0.60066, 0.52184, 0.78105, 0.90753, 0.17499, 1, 1.2571e-05, 0
2, Semantic, 2552.1665, 4.7776, 0, 1.6097, 0, 0.14483, 0.50157, 3.8161, 1.9396, 0.034577, 0.12805, 0.49825, 0.4467, 0.38188, 0.019355, 0.76238, 0.20202, 1, 6.2069e-06, 0
3, Semantic, 3631.8516, 4.7448, 0, 0.62962, 0, 0.27712, 0.30975, 2.4281, 1.2915, 0.080239, 0.36752, 0.49143, 1.2938, 0.39751, 0.51967, 0.44002, 0.31267, 1, 0.12804, 0
4, Semantic, 3605.1092, 4.7432, 0, 1.2814, 0, 0.024333, 0.35905, 3.3788, 1.6019, 0.099405, 0.11037, 0.70746, 3.0311e-05, 0.19826, 0.84532, 0.84435, 0.19499, 1, 0.0012136, 0
5, Semantic, 4454.169, 2.2167, 0, 0.019202, 0, 0.18152, 0.084012, 1.0619, 0.70369, 0.53879, 0.19019, 0.46953, 0.48572, 0.45776, 0.0077092, 0.24808, 1.0121e-05, 1, 0.20342, 0
